slug,symbol,name,date,ranknow,open,high,low,close,volume,market,close_ratio,spread
stacks,STX,Stacks,11/30/2023,50,0.6263448833,0.795788842,0.5880721097,0.6917973198,1754323996.86,984407215.75,0.4993589536648032,0.20771673229999998
stacks,STX,Stacks,10/31/2023,50,0.480454616,0.7467486609,0.4744536593,0.6263358374,1556859746.15,886748303.76,0.557785406296639,0.27229500160000003
stacks,STX,Stacks,09/30/2023,50,0.4895764145,0.5022067123,0.4216609541,0.4804784709,666697766.99,678144741.81,0.730237297586206,0.08054575820000004
stacks,STX,Stacks,08/31/2023,50,0.5878118929,0.6331341007,0.4191335239,0.4895026041,1263115200.47,687309949.75,0.3288265912748699,0.21400057679999995
stacks,STX,Stacks,07/31/2023,50,0.6930547219,0.7534355942,0.5831621301,0.5877827924,1307521326.0,820973409.05,0.027136714017202065,0.1702734641
stacks,STX,Stacks,06/30/2023,50,0.6003868133,0.8742757091,0.4604171228,0.693181356,3290849902.09,963089910.03,0.5624245597535401,0.41385858629999994
stacks,STX,Stacks,05/31/2023,50,0.7201144157,0.8250733291,0.5765819785,0.600307739,2121147706.0,829896945.73,0.0954792206759408,0.24849135059999994
stacks,STX,Stacks,04/30/2023,50,0.9314598828,1.0083205022,0.6755928072,0.720555668,2859597935.87,990965757.44,0.1351341095907271,0.3327276949999999
stacks,STX,Stacks,03/31/2023,50,0.8830569985,1.3006475116,0.5264241496,0.9314383073,9584812764.64,1274668384.82,0.5231231419493125,0.7742233620000001
stacks,STX,Stacks,02/28/2023,50,0.2768053353,0.9614227157,0.268099899,0.882895835,5300953637.51,1205092101.39,0.8867383579358264,0.6933228167000001
stacks,STX,Stacks,01/31/2023,50,0.2095038787,0.3077895638,0.2082515048,0.2768213916,384730837.08,376078410.1,0.6888810922061482,0.09953805900000001
stacks,STX,Stacks,12/31/2022,50,0.2551395002,0.3611624589,0.2052608846,0.209657801,603057719.55,283243503.28,0.02820315586768264,0.15590157429999998
stacks,STX,Stacks,11/30/2022,50,0.3184313421,0.3438851712,0.2004855803,0.2551373384,498780907.81,343594184.1,0.3811151604896247,0.1433995909
stacks,STX,Stacks,10/31/2022,50,0.3243528447,0.3414274989,0.2863692107,0.3184572832,295703084.55,427368301.84,0.5828018550711134,0.05505828820000003
stacks,STX,Stacks,09/30/2022,50,0.3640849532,0.4016927919,0.3153058685,0.3242980535,357881954.73,433487009.28,0.10409196954917875,0.08638692340000004
stacks,STX,Stacks,08/31/2022,50,0.4428727053,0.5202736164,0.353858996,0.363815649,614995226.78,484461448.39,0.059830398170953224,0.16641462040000005
stacks,STX,Stacks,07/31/2022,50,0.4075462171,0.4716803354,0.347388937,0.442874995,524090850.19,587317178.38,0.7682434925440504,0.12429139839999997
stacks,STX,Stacks,06/30/2022,50,0.5651989724,0.5838562881,0.3054550948,0.4067450106,931250784.58,537306419.59,0.36382716108135305,0.2784011933
stacks,STX,Stacks,05/31/2022,50,0.9233020275,1.0046813042,0.4604035332,0.5651989645,625964598.52,743716520.21,0.19254034774828233,0.544277771
stacks,STX,Stacks,04/30/2022,50,1.4414006731,1.5566955544,0.9220945507,0.9228500267,962976391.77,1209432516.09,0.0011904740074397595,0.6346010037
stacks,STX,Stacks,03/31/2022,50,1.2453532445,1.9018561278,1.0395469044,1.4413176418,2496472487.05,1881536627.96,0.46592420270753654,0.8623092233999998
stacks,STX,Stacks,02/28/2022,50,1.4952039482,1.7736592168,0.9875366631,1.2460289298,1049460142.46,1620083566.09,0.328819298572937,0.7861225537000001
stacks,STX,Stacks,01/31/2022,50,2.1677637468,2.6362228431,1.1975383874,1.4952922095,2971120605.63,1938603256.2,0.2069625628610314,1.4386844557
stacks,STX,Stacks,12/31/2021,50,2.7854992695,3.2829770046,1.7869880814,2.1680115633,4623370288.7,2799845361.74,0.254696726687635,1.4959889232
stacks,STX,Stacks,11/30/2021,50,1.8452347022,3.610449732,1.796153138,2.773799446,4231393228.75,3568604336.6,0.5388569384041956,1.8142965940000002
stacks,STX,Stacks,10/31/2021,50,1.2032293088,2.8312089479,1.1770647638,1.8471024901,6553656693.39,2367066637.74,0.40506609565269514,1.6541441841
stacks,STX,Stacks,09/30/2021,50,1.43672564,1.75099344,1.107573797,1.201860788,1622412454.56,1501445821.83,0.14654042975806403,0.6434196430000001
stacks,STX,Stacks,08/31/2021,50,1.26738267,1.5886743,1.19906287,1.43499021,1832467168.09,1746749184.22,0.6055452223257414,0.3896114300000002
stacks,STX,Stacks,07/31/2021,50,0.78991756,1.47599407,0.73132988,1.26942341,2602037407.86,1504099983.68,0.7225989073007524,0.7446641900000001
stacks,STX,Stacks,06/30/2021,50,0.99883229,1.08740719,0.50232558,0.79042414,370668717.85,911264181.97,0.4924074779926856,0.5850816099999999
stacks,STX,Stacks,05/31/2021,50,2.18359369,2.21070853,0.75090036,0.99827349,811132515.78,1147605677.38,0.16945591556731732,1.4598081699999996
stacks,STX,Stacks,04/30/2021,50,1.21905995,2.81616799,1.11684089,2.18400896,3680271269.64,2440487585.4,0.6279944985282704,1.6993270999999999
stacks,STX,Stacks,03/31/2021,50,0.9318031,1.45007565,0.92970493,1.21895152,862721632.54,1323337664.75,0.5558471660357832,0.5203707200000001
stacks,STX,Stacks,02/28/2021,50,0.42778557,1.18751481,0.41065486,0.93231328,696215096.41,689708482.26,0.6714960914126157,0.77685995
stacks,STX,Stacks,01/31/2021,50,0.3961713,0.59837268,0.38513111,0.4287731,336184591.23,317198576.46,0.2046598606453705,0.21324157
stacks,STX,Stacks,12/31/2020,50,0.24099113,0.44836852,0.22460353,0.39617653,117415314.78,282011933.31,0.7667553355866797,0.22376499
stacks,STX,Stacks,11/30/2020,50,0.16026272,0.28909444,0.14098423,0.24070725,64972777.2,164631761.8,0.6733028060658344,0.14811021000000002
stacks,STX,Stacks,10/31/2020,50,0.16127171,0.18449586,0.13685682,0.16026272,23830285.58,104537519.92,0.4913176252082325,0.04763904000000002
stacks,STX,Stacks,09/30/2020,50,0.23184102,0.26266815,0.14401971,0.1611661,76493135.69,99816726.9,0.144514247300681,0.11864844
stacks,STX,Stacks,08/31/2020,50,0.25002786,0.31778735,0.00235114,0.231817,71890449.76,133530225.53,0.7274556716237491,0.31543621000000005
stacks,STX,Stacks,07/31/2020,50,0.1333737666,0.1973349769,0.1235524258,0.172909089,4067259.92,91963367.28,0.6689476368620709,0.07378255109999998
stacks,STX,Stacks,06/30/2020,50,0.1334808856,0.1643843315,0.1183278814,0.1329912414,347220.6,63895591.8,0.318377989796482,0.04605645010000001
stacks,STX,Stacks,05/31/2020,50,0.1031466068,0.166090782,0.0889686318,0.1334934483,1040382.93,58531038.61,0.5773285156668261,0.07712215019999999
stacks,STX,Stacks,04/30/2020,50,0.0873874456,0.1164671388,0.0828737381,0.1031466068,460647.7,41009843.31,0.6034777151930321,0.0335934007
stacks,STX,Stacks,03/31/2020,50,0.1224641171,0.1640228874,0.0450080486,0.0873874456,181369.34,31172809.94,0.3560849842532408,0.11901483880000001
stacks,STX,Stacks,02/29/2020,50,0.0956397522,0.2587079477,0.0938389378,0.1224789362,539083.1,38685117.41,0.17371365557039112,0.1648690099
stacks,STX,Stacks,01/31/2020,50,0.09508767,0.1122512409,0.0879012324,0.0956487513,235027.53,23569211.43,0.318173149713685,0.024350008499999992
decentraland,MANA,Decentraland,11/30/2023,67,0.3638871886,0.5022200476,0.3525603284,0.4320897081,3187034746.57,817987026.09,0.5314013692202624,0.14965971920000004
decentraland,MANA,Decentraland,10/31/2023,67,0.3091571882,0.3881093578,0.2729283316,0.3638793561,1382418398.15,688858324.44,0.7896354764375245,0.11518102619999998
decentraland,MANA,Decentraland,09/30/2023,67,0.2943490967,0.322948038,0.2662198077,0.3091671567,1045395828.06,585282913.04,0.7570718982925863,0.056728230300000015
decentraland,MANA,Decentraland,08/31/2023,67,0.3822975815,0.3868247032,0.2844701482,0.294340675,1394553356.4,557214969.19,0.09643466087073506,0.10235455500000001
decentraland,MANA,Decentraland,07/31/2023,67,0.3847728027,0.4452170721,0.3701354425,0.382287941,1431430260.27,723707531.3,0.16185714887573513,0.07508162959999998
decentraland,MANA,Decentraland,06/30/2023,67,0.4634781019,0.5313593543,0.3170306666,0.3847718024,1927779297.04,728409717.8,0.3160619165214996,0.21432868770000002
decentraland,MANA,Decentraland,05/31/2023,67,0.5455363487,0.549800879,0.4378251976,0.4635079064,1612377468.81,870593705.34,0.2293597009537824,0.11197568139999997
decentraland,MANA,Decentraland,04/30/2023,67,0.5886194708,0.6953783911,0.5228369513,0.5455918038,3222992250.72,1024769553.06,0.131880506656118,0.17254143980000003
decentraland,MANA,Decentraland,03/31/2023,67,0.6264992557,0.6780971801,0.4856981822,0.5886356998,2939935393.79,1091968781.39,0.5350210693586985,0.19239899789999998
decentraland,MANA,Decentraland,02/28/2023,67,0.7504853393,0.8393422607,0.6199158805,0.6264877498,4570584475.54,1162187521.07,0.029950224280279946,0.21942638019999994
decentraland,MANA,Decentraland,01/31/2023,67,0.297024257,0.8089410507,0.2918102939,0.7507379524,8903387716.18,1392682107.72,0.887449938850746,0.5171307568
decentraland,MANA,Decentraland,12/31/2022,67,0.4105006614,0.4273954593,0.2858589311,0.2970127343,1537825959.11,550983628.14,0.07880512078294735,0.1415365282
decentraland,MANA,Decentraland,11/30/2022,67,0.6727804639,0.7406174493,0.3581620431,0.4104152722,3649893194.68,761354883.58,0.13662567779908671,0.38245540619999996
decentraland,MANA,Decentraland,10/31/2022,67,0.6981283917,0.7269158888,0.5861722072,0.6728611392,3561696383.47,1248214062.58,0.6159348044225099,0.14074368160000006
decentraland,MANA,Decentraland,09/30/2022,67,0.7730136453,0.8271494459,0.6729539004,0.6981410966,4126072834.57,1295110511.9,0.1633458094935693,0.15419554549999992
decentraland,MANA,Decentraland,08/31/2022,67,0.9764986894,1.1264823356,0.7448703807,0.7729744914,5766419851.88,1431864438.83,0.07364578163533829,0.3816119549
decentraland,MANA,Decentraland,07/31/2022,67,0.8802836298,1.0899893509,0.7620894746,0.9766840254,7554327903.93,1809244451.36,0.6544514539665899,0.32789987630000006
decentraland,MANA,Decentraland,06/30/2022,67,1.0860546504,1.0906806242,0.7313598739,0.8792344455,7475313600.92,1625894879.84,0.4115391929815859,0.3593207503
decentraland,MANA,Decentraland,05/31/2022,67,1.430232691,1.6743400365,0.6306589441,1.0858084097,13677691389.47,2002316274.63,0.43610013529454644,1.0436810924
decentraland,MANA,Decentraland,04/30/2022,67,2.610441711,2.7627256974,1.3625208579,1.4301022968,8623557706.89,2634925253.28,0.04826539445766556,1.4002048395
decentraland,MANA,Decentraland,03/31/2022,67,2.8444077053,2.9203411074,2.2313773298,2.6094348388,13847623588.84,4803465051.09,0.5487335057250184,0.6889637776000002
decentraland,MANA,Decentraland,02/28/2022,67,2.8257057022,3.5352593216,2.2068437675,2.8439701321,26222923319.9,5210488581.5,0.4796137493524399,1.3284155540999998
decentraland,MANA,Decentraland,01/31/2022,67,3.2715811922,3.4261760881,1.7419202206,2.8268710922,19584228583.28,5157621883.3,0.6441722380403108,1.6842558675000001
decentraland,MANA,Decentraland,12/31/2021,67,4.6446770501,4.8195815504,2.6240858815,3.2706709147,34211096000.31,5967477220.23,0.29450526473776006,2.1954956688999996
decentraland,MANA,Decentraland,11/30/2021,67,2.8885251751,5.9023171899,2.229021876,4.6350496927,103861212952.3,8457166061.08,0.6550052775760845,3.6732953138999997
decentraland,MANA,Decentraland,10/31/2021,67,0.6895737427,4.6911079006,0.6805428243,2.8922603838,49913035495.07,5255062400.31,0.551472801817855,4.0105650763
decentraland,MANA,Decentraland,09/30/2021,67,0.94338807,1.07942773,0.6018002726,0.6882315023,4209747498.6,1250499221.62,0.18095950800336036,0.4776274573999999
decentraland,MANA,Decentraland,08/31/2021,67,0.71752455,1.10580236,0.66341201,0.94317296,6598035833.25,1693350608.27,0.6323848384125014,0.44239034999999993
decentraland,MANA,Decentraland,07/31/2021,67,0.58001889,0.84592679,0.49494811,0.71919175,6045616935.39,1215898543.41,0.6389095770717469,0.35097868000000004
decentraland,MANA,Decentraland,06/30/2021,67,0.84947224,0.90365748,0.37371735,0.58002303,2051440862.85,916631748.63,0.3892999762067462,0.52994013
decentraland,MANA,Decentraland,05/31/2021,67,1.48775911,1.60180573,0.49184814,0.85073315,6797187167.3,1344557643.18,0.3233321824485204,1.10995759
decentraland,MANA,Decentraland,04/30/2021,67,1.02811788,1.63488533,0.83992007,1.48679937,11780021093.13,2346303096.49,0.8137202121259991,0.7949652599999999
decentraland,MANA,Decentraland,03/31/2021,67,0.23631171,1.18921382,0.23631171,1.02742616,19568756210.94,1621423362.43,0.8302158655100471,0.9529021099999999
decentraland,MANA,Decentraland,02/28/2021,67,0.15478104,0.36709398,0.14519656,0.23622609,4208518444.0,371947132.2,0.410232484902258,0.22189741999999998
decentraland,MANA,Decentraland,01/31/2021,67,0.07824546,0.20162143,0.07623061,0.15470521,4518235439.49,237323555.32,0.6258400734599232,0.12539082
decentraland,MANA,Decentraland,12/31/2020,67,0.08805522,0.09945205,0.07032501,0.07825147,580482422.77,116107505.13,0.2721340719825979,0.029127040000000007
decentraland,MANA,Decentraland,11/30/2020,67,0.06520871,0.11078924,0.05971242,0.08805237,889389654.9,130652889.89,0.554849538401177,0.051076819999999995
decentraland,MANA,Decentraland,10/31/2020,67,0.0839297,0.08681267,0.06095005,0.06520871,801245281.21,96774833.01,0.16466467821125644,0.025862619999999996
decentraland,MANA,Decentraland,09/30/2020,67,0.09137233,0.10388668,0.06633018,0.08384073,1636862378.29,122620195.99,0.4662455234113936,0.03755649999999999
decentraland,MANA,Decentraland,08/31/2020,67,0.09131929,0.11870725,0.00100346,0.09128218,942766723.93,131511531.39,0.7669992614511394,0.11770379
decentraland,MANA,Decentraland,07/31/2020,67,0.0378401979,0.0527905265,0.0376082825,0.0457162685,15159428.86,65865082.15,0.5340439792694676,0.015182243999999998
decentraland,MANA,Decentraland,06/30/2020,67,0.0397923339,0.0464774868,0.0355012776,0.0376939059,9342540.69,53222907.41,0.19976189047125653,0.010976209200000003
decentraland,MANA,Decentraland,05/31/2020,67,0.0316311534,0.0439236103,0.0316311534,0.0397793178,19443503.44,54489144.96,0.6628588951977532,0.012292456899999998
decentraland,MANA,Decentraland,04/30/2020,67,0.0263396412,0.0348123289,0.0247186493,0.0316311534,24261283.74,43340188.92,0.684834904012606,0.010093679600000002
decentraland,MANA,Decentraland,03/31/2020,67,0.0371084387,0.0490991391,0.0140505435,0.0263396412,12892874.68,27660350.59,0.35063024608038784,0.0350485956
decentraland,MANA,Decentraland,02/29/2020,67,0.0352971419,0.0691090581,0.0352628028,0.0370955268,8488369.61,38955552.53,0.05414850132623094,0.033846255299999996
decentraland,MANA,Decentraland,01/31/2020,67,0.0301279535,0.0391260403,0.0300836334,0.0353423815,8138269.71,37114501.81,0.5815650808635917,0.009042406899999997
theta-network,THETA,Theta Network,11/30/2023,61,0.7220924106,1.1457966068,0.7220924106,1.0110282197,883424019.24,1011028219.66,0.6819281274325977,0.4237041962000001
theta-network,THETA,Theta Network,10/31/2023,61,0.6478464454,0.7319106908,0.5630397472,0.7221258462,322954302.74,722125846.25,0.9420572634261039,0.1688709436
theta-network,THETA,Theta Network,09/30/2023,61,0.6169962941,0.6788319,0.5768400717,0.6479270489,334716265.74,647927048.86,0.696986987927149,0.10199182830000009
theta-network,THETA,Theta Network,08/31/2023,61,0.784034112,0.7862981859,0.5830834017,0.6169276323,376981081.5,616927632.29,0.1665441357194329,0.20321478420000005
theta-network,THETA,Theta Network,07/31/2023,61,0.7296036511,0.8547309653,0.6982891888,0.7840361991,506441492.09,784036199.1,0.5481081346580079,0.15644177650000002
theta-network,THETA,Theta Network,06/30/2023,61,0.8350884633,0.8772032276,0.5818482901,0.7299205884,348131434.42,729920588.43,0.5013367968497223,0.29535493749999997
theta-network,THETA,Theta Network,05/31/2023,61,0.9919436979,1.0156035481,0.8260986993,0.8349819076,262176955.77,834981907.58,0.04687588922526819,0.18950484880000007
theta-network,THETA,Theta Network,04/30/2023,61,1.0423918078,1.2396387149,0.9604918572,0.9927093525,624491702.23,992709352.53,0.11541414281161026,0.27914685770000014
theta-network,THETA,Theta Network,03/31/2023,61,1.1267810623,1.1998770608,0.8554704683,1.0424933238,693495102.88,1042493323.79,0.5430292554577045,0.34440659250000005
theta-network,THETA,Theta Network,02/28/2023,61,1.0259161805,1.2981001412,0.9745884235,1.126587524,1012747036.67,1126587524.02,0.4698410975053226,0.3235117177
theta-network,THETA,Theta Network,01/31/2023,61,0.7219899946,1.1844341176,0.7166558462,1.0259594677,971402012.48,1025959467.75,0.6612184455987965,0.46777827139999995
theta-network,THETA,Theta Network,12/31/2022,61,0.9602888137,0.9617168389,0.7092330205,0.7217845163,407809646.33,721784516.35,0.0497120800831485,0.2524838184
theta-network,THETA,Theta Network,11/30/2022,61,1.1671381006,1.3329591443,0.8040254316,0.9601484071,1011752146.95,960148407.06,0.29516548435351814,0.5289337127
theta-network,THETA,Theta Network,10/31/2022,61,1.0742679715,1.2455451577,0.9262436113,1.1672589819,775892522.43,1167258981.94,0.7548205554196465,0.3193015464000001
theta-network,THETA,Theta Network,09/30/2022,61,1.1580290045,1.2216035679,1.0113602242,1.074354895,1005679181.29,1074354895.01,0.29962742073722065,0.21024334369999997
theta-network,THETA,Theta Network,08/31/2022,61,1.3392915328,1.7081335367,1.0874289326,1.1581141619,2029905649.68,1158114161.9,0.11387901561080106,0.6207046041
theta-network,THETA,Theta Network,07/31/2022,61,1.1909857037,1.499973365,1.0569323369,1.3392220594,1781582234.61,1339222059.44,0.6371638394543531,0.4430410280999999
theta-network,THETA,Theta Network,06/30/2022,61,1.341176903,1.5442884845,0.9633198135,1.1888429342,3031708351.87,1188842934.17,0.3881846508380828,0.580968671
theta-network,THETA,Theta Network,05/31/2022,61,2.2141914356,2.6347119287,1.0325193375,1.341031164,4514402949.4,1341031163.98,0.1925560186674768,1.6021925912
theta-network,THETA,Theta Network,04/30/2022,61,4.1689098415,4.3777798055,2.1584473799,2.2138370971,6673530323.77,2213837097.13,0.024957828111318223,2.2193324256
theta-network,THETA,Theta Network,03/31/2022,61,3.3548139878,4.3704386997,2.6120721499,4.1676117664,7390946471.31,4167611766.38,0.884650368648636,1.7583665498000003
theta-network,THETA,Theta Network,02/28/2022,61,2.9461090951,4.3336888018,2.2821823385,3.3508813398,10278310733.89,3350881339.81,0.520933772531683,2.0515064633
theta-network,THETA,Theta Network,01/31/2022,61,4.7153862641,5.2329690798,2.2852485629,2.9461441159,8130056281.62,2946144115.9,0.22420563591796602,2.9477205169
theta-network,THETA,Theta Network,12/31/2021,61,6.6068630701,6.8207946215,3.6900741688,4.7147377957,6517380749.07,4714737795.73,0.327293235656447,3.1307204527000003
theta-network,THETA,Theta Network,11/30/2021,61,7.1913583574,8.4878571182,5.8475592433,6.6158373072,8766936265.5,6615837307.21,0.29098158628374365,2.640297874900001
theta-network,THETA,Theta Network,10/31/2021,61,5.050939327,8.5637363528,4.9902575868,7.1876470725,10354669692.06,7187647072.53,0.6149160606765447,3.573478765999999
theta-network,THETA,Theta Network,09/30/2021,61,6.66491106,9.74678869,4.6630649084,5.0490122996,12186839072.75,5049012299.6,0.07591824571525618,5.083723781600001
theta-network,THETA,Theta Network,08/31/2021,61,6.0990039,8.31885033,5.56259661,6.66647971,11682097933.52,6666479708.65,0.40050126444818,2.75625372
theta-network,THETA,Theta Network,07/31/2021,61,6.9125309,6.9125309,3.50815183,6.10661607,9890820855.99,6106616066.44,0.763271124211206,3.40437907
theta-network,THETA,Theta Network,06/30/2021,61,7.11490993,10.4651524,5.27468623,6.91377783,12527302239.37,6913777829.11,0.3157888995546618,5.190466169999999
theta-network,THETA,Theta Network,05/31/2021,61,11.18186627,13.17618014,3.98393153,7.12723096,14985403860.61,7127230964.76,0.34195108981065736,9.19224861
theta-network,THETA,Theta Network,04/30/2021,61,12.38897604,15.89840964,7.50243542,11.18931746,16083757446.89,11189317461.01,0.43912498340186656,8.39597422
theta-network,THETA,Theta Network,03/31/2021,61,3.13667451,14.98824036,3.08997384,12.36709544,20776209494.12,12367095438.1,0.7797036303066441,11.89826652
theta-network,THETA,Theta Network,02/28/2021,61,1.91150043,3.90800702,1.8543481,3.13058486,5092141760.74,3130584864.73,0.6214453371838395,2.05365892
theta-network,THETA,Theta Network,01/31/2021,61,1.86096132,2.50839741,1.46847195,1.91254117,7963489278.22,1912541167.59,0.4270202404699273,1.03992546
theta-network,THETA,Theta Network,12/31/2020,61,0.64147264,1.89025456,0.59014711,1.86116158,2346727698.92,1861161580.98,0.9776226341907356,1.30010745
theta-network,THETA,Theta Network,11/30/2020,61,0.61049222,0.75097414,0.55331391,0.64117481,588932013.31,641174806.46,0.44450469373631724,0.19766023
theta-network,THETA,Theta Network,10/31/2020,61,0.74737611,0.79422015,0.57590166,0.61049222,1371453831.55,610492218.78,0.15844081735816348,0.21831849000000003
theta-network,THETA,Theta Network,09/30/2020,61,0.44208843,0.79843398,0.37694706,0.74459493,2032267495.56,648171891.61,0.872264007623297,0.42148692
theta-network,THETA,Theta Network,08/31/2020,61,0.34844027,7.20426414,0.00443026,0.44226992,1606776083.68,384997155.07,0.060812466967640644,7.19983388
theta-network,THETA,Theta Network,07/31/2020,61,0.2217187366,0.281773863,0.213834777,0.26884947,25159665.04,234034186.81,0.8097649856519996,0.06793908600000001
theta-network,THETA,Theta Network,06/30/2020,61,0.2474482974,0.3018523446,0.2009208699,0.2218769048,9011676.4,193144442.49,0.20762636196774012,0.1009314747
theta-network,THETA,Theta Network,05/31/2020,61,0.1211318627,0.5549319117,0.1210683054,0.2475354105,54667552.98,215480240.69,0.2914904667356516,0.4338636063
theta-network,THETA,Theta Network,04/30/2020,61,0.0738657279,0.126764125,0.0697587541,0.1211318627,7999184.81,105445612.33,0.9011976904793718,0.057005370900000005
theta-network,THETA,Theta Network,03/31/2020,61,0.1185274479,0.1461818882,0.0397708726,0.0738657279,3991145.76,64300314.83,0.3204071975796461,0.10641101559999999
theta-network,THETA,Theta Network,02/29/2020,61,0.1042176187,0.2079554941,0.1022302432,0.118676077,4678170.46,103307844.25,0.15555256346050444,0.1057252509
theta-network,THETA,Theta Network,01/31/2020,61,0.0871084918,0.1185517497,0.0831210584,0.1042250146,2859609.91,90728155.58,0.5956405428645982,0.0354306913
axie-infinity,AXS,Axie Infinity,11/30/2023,66,5.4648350305,7.4708052112,5.1937034943,6.3688661863,2855193379.9,840947428.43,0.5160782600435796,2.2771017169
axie-infinity,AXS,Axie Infinity,10/31/2023,66,4.586245672,5.9668181432,4.0803074879,5.4647329452,1329330258.04,772668084.87,0.7338550956023321,1.8865106553000004
axie-infinity,AXS,Axie Infinity,09/30/2023,66,4.6626397769,5.0736429763,4.0797217615,4.5870395191,951794766.21,648198948.03,0.5104204941455889,0.9939212148000003
axie-infinity,AXS,Axie Infinity,08/31/2023,66,6.0070016758,6.2806339201,4.5577298289,4.6627405262,1126772197.4,656735467.15,0.06094982177844866,1.7229040911999993
axie-infinity,AXS,Axie Infinity,07/31/2023,66,5.9457822939,6.8424990112,5.680963711,6.0070703423,1554001164.58,844030881.07,0.2807548175624523,1.1615353001999997
axie-infinity,AXS,Axie Infinity,06/30/2023,66,6.869437687,7.4659348272,4.6176866796,5.9457031458,1494957081.63,708568224.01,0.4662572912823684,2.8482481475999997
axie-infinity,AXS,Axie Infinity,05/31/2023,66,7.9345599912,8.0595663167,6.5388577384,6.8697366373,1337327351.81,803460910.55,0.2175820559057341,1.5207085782999998
axie-infinity,AXS,Axie Infinity,04/30/2023,66,8.3881501623,9.5769628309,7.5241442104,7.9366063334,1503746492.35,921729913.43,0.2009247767343117,2.052818620499999
axie-infinity,AXS,Axie Infinity,03/31/2023,66,9.6078574709,10.0427718232,6.9157583614,8.3880867574,2115541499.95,969771531.37,0.47084171973870703,3.1270134618000007
axie-infinity,AXS,Axie Infinity,02/28/2023,66,10.898796893,12.3712793895,9.2276176014,9.607595857,3225488778.61,1073672856.27,0.1208712263635888,3.1436617880999993
axie-infinity,AXS,Axie Infinity,01/31/2023,66,6.0420632774,13.8262462557,5.9490285938,10.9003430887,6147901850.06,1095701950.68,0.6285613407444849,7.8772176619
axie-infinity,AXS,Axie Infinity,12/31/2022,66,7.0166189274,9.5434161758,5.859069415,6.0419578456,3254746800.86,604955949.0,0.04963930988957425,3.6843467607999996
axie-infinity,AXS,Axie Infinity,11/30/2022,66,9.2208225592,11.7125778257,5.8381800309,7.0164052914,3454876042.3,702835258.17,0.2005695394927053,5.8743977948
axie-infinity,AXS,Axie Infinity,10/31/2022,66,12.5696274124,13.0443750134,8.2080653341,9.2215070254,2473648879.75,881649065.47,0.20954855220244767,4.836309679299999
axie-infinity,AXS,Axie Infinity,09/30/2022,66,14.1432003785,15.3338109765,11.7012912458,12.569148832,2814054928.18,1043945571.68,0.23891338534663928,3.6325197307000003
axie-infinity,AXS,Axie Infinity,08/31/2022,66,18.0952311458,19.8568978518,13.0408214112,14.1435875158,4055719839.39,1176055387.91,0.1617889872876671,6.8160764406
axie-infinity,AXS,Axie Infinity,07/31/2022,66,14.5544443639,20.3602706133,12.4688811204,18.095510176,6258865936.94,1498248180.97,0.7130086609794591,7.891389492899998
axie-infinity,AXS,Axie Infinity,06/30/2022,66,23.7411807747,23.8914227319,11.9193063179,14.5342675486,5614065284.32,1198723506.53,0.21842096587384557,11.972116414
axie-infinity,AXS,Axie Infinity,05/31/2022,66,29.0981832519,34.7535999454,17.1556919792,23.7038992069,11125487969.44,1443745240.95,0.3721014588936953,17.597907966199998
axie-infinity,AXS,Axie Infinity,04/30/2022,66,63.4534534843,74.8732699136,27.1698813497,29.0992951724,10998391619.86,1772365320.72,0.04044605385035698,47.7033885639
axie-infinity,AXS,Axie Infinity,03/31/2022,66,54.4099915523,74.3703192868,44.8748487272,63.4465088999,14591420204.15,3864368240.82,0.6296444782995814,29.495470559599994
axie-infinity,AXS,Axie Infinity,02/28/2022,66,52.2882327805,71.7039533247,42.112495863,54.4109104812,13659828963.33,3314032530.14,0.4156069241982334,29.591457461699996
axie-infinity,AXS,Axie Infinity,01/31/2022,66,93.303627584,97.7771668324,44.6062818555,52.2779373099,9856903218.79,3184118466.71,0.1442830123616136,53.1708849769
axie-infinity,AXS,Axie Infinity,12/31/2021,66,136.9474966446,143.2611245467,89.6299184156,93.2964437286,11043066450.45,5682453146.4,0.06836552032854296,53.63120613109999
axie-infinity,AXS,Axie Infinity,11/30/2021,66,138.1982138034,165.3690799374,121.0305720604,137.1489056997,18457752171.71,8353396973.91,0.36352900472009747,44.338507876999984
axie-infinity,AXS,Axie Infinity,10/31/2021,66,74.6110925082,164.1488500272,74.2496050517,138.2921724814,38550712459.95,8423030495.42,0.7123815939405647,89.89924497550001
axie-infinity,AXS,Axie Infinity,09/30/2021,66,72.21501764,94.62115781,48.2499762723,74.511683132,17765414899.83,4538320340.37,0.5663368063707651,46.3711815377
axie-infinity,AXS,Axie Infinity,08/31/2021,66,42.55679391,83.26294048,37.41317378,72.19998889,41879521503.59,4397520823.37,0.758713023287859,45.849766699999996
axie-infinity,AXS,Axie Infinity,07/31/2021,66,5.67896016,53.27649417,5.19701768,42.66028789,55805518730.26,2598331484.84,0.7791946365678908,48.07947649
axie-infinity,AXS,Axie Infinity,06/30/2021,66,4.94384939,5.85022957,2.86669157,5.68105598,755466408.38,346018917.02,0.9432976586857618,2.983538
axie-infinity,AXS,Axie Infinity,05/31/2021,66,10.21628692,10.28010233,2.74419674,4.95018999,1408562524.79,301503696.7,0.2927310093862256,7.5359055900000005
axie-infinity,AXS,Axie Infinity,04/30/2021,66,5.69335691,11.52086275,5.05973877,10.18463842,3719380113.2,440519062.07,0.7931901114827394,6.461123979999999
axie-infinity,AXS,Axie Infinity,03/31/2021,66,1.39906037,7.68779278,1.39712041,5.69730989,1649785163.58,246199472.44,0.6835818537470582,6.290672369999999
axie-infinity,AXS,Axie Infinity,02/28/2021,66,0.8060777,2.33294271,0.77394059,1.39582032,476409255.48,58879510.12,0.3988960130471149,1.5590021200000002
axie-infinity,AXS,Axie Infinity,01/31/2021,66,0.53843889,1.14872339,0.4185955,0.80530512,603250980.86,33969967.49,0.5296464157806655,0.73012789
axie-infinity,AXS,Axie Infinity,12/31/2020,66,0.45623504,0.84997191,0.40490383,0.53831987,287794765.39,28524893.3,0.29976546509468843,0.44506808000000003
axie-infinity,AXS,Axie Infinity,11/30/2020,66,0.17980058,0.68550107,0.12343134,0.45640103,272664905.07,24417459.58,0.5923992562275147,0.56206973
the-sandbox,SAND,The Sandbox,11/30/2023,62,0.3463893259,0.4681531761,0.3362436965,0.4086750462,3454381689.25,856187269.35,0.5490988966042436,0.1319094796
the-sandbox,SAND,The Sandbox,10/31/2023,62,0.3107586111,0.3680332262,0.2781890699,0.3463902471,1464936156.99,717385260.71,0.7591053220230417,0.08984415630000003
the-sandbox,SAND,The Sandbox,09/30/2023,62,0.3101065653,0.3189859956,0.2774564561,0.3107797829,1171065218.15,641739095.73,0.8024005852508912,0.04152953949999999
the-sandbox,SAND,The Sandbox,08/31/2023,62,0.4229774501,0.427823605,0.3056415347,0.3101057786,1952849468.31,640347322.69,0.03653763509685756,0.1221820703
the-sandbox,SAND,The Sandbox,07/31/2023,62,0.4186935643,0.4836260936,0.4009417114,0.4229624058,1951240839.66,818403462.49,0.26632229465941387,0.08268438219999996
the-sandbox,SAND,The Sandbox,06/30/2023,62,0.5319524734,0.6136974292,0.3629793857,0.4186523988,3001696622.71,782767756.02,0.22205427388795013,0.25071804350000004
the-sandbox,SAND,The Sandbox,05/31/2023,62,0.5786503802,0.5840025387,0.4821852528,0.5319630446,2218214088.54,986037084.95,0.4888933284755727,0.10181728589999994
the-sandbox,SAND,The Sandbox,04/30/2023,62,0.6280021105,0.7140203568,0.5497821083,0.5788143427,3597250934.75,1061477161.66,0.1767690210115704,0.16423824850000002
the-sandbox,SAND,The Sandbox,03/31/2023,62,0.6837095081,0.7275232171,0.5095918826,0.6280118698,4920163791.64,941685026.41,0.5433821046050632,0.21793133450000002
the-sandbox,SAND,The Sandbox,02/28/2023,62,0.7307861702,0.9365213739,0.6575175712,0.6838683423,8145015842.71,1025440137.28,0.09444592096952109,0.2790038027
the-sandbox,SAND,The Sandbox,01/31/2023,62,0.3830640428,0.8454913232,0.3775199269,0.7309194944,8077957546.35,1095991933.31,0.7551734364410768,0.46797139629999995
the-sandbox,SAND,The Sandbox,12/31/2022,62,0.5902266584,0.6314862743,0.3799826583,0.3829689458,2956644948.69,574250486.62,0.01187373584322548,0.25150361600000004
the-sandbox,SAND,The Sandbox,11/30/2022,62,0.8749203827,0.9774704647,0.5207006081,0.5901742739,6606534161.58,884948682.33,0.15209774637304738,0.4567698566
the-sandbox,SAND,The Sandbox,10/31/2022,62,0.8431253732,0.9367712047,0.700161686,0.8750066815,5270545697.41,1312046363.36,0.7389601080322052,0.23660951870000002
the-sandbox,SAND,The Sandbox,09/30/2022,62,0.9428008755,1.0194790207,0.8067733382,0.8430957647,6737976011.7,1264196897.59,0.17076378060562655,0.2127056825
the-sandbox,SAND,The Sandbox,08/31/2022,62,1.3080033466,1.4193465795,0.9206482268,0.9427785642,9365617834.18,1388967479.27,0.04437619911953626,0.49869835269999996
the-sandbox,SAND,The Sandbox,07/31/2022,62,1.1202575711,1.4881358743,1.0075717267,1.3080561728,12624181798.46,1679622358.39,0.6252743730481322,0.4805641476
the-sandbox,SAND,The Sandbox,06/30/2022,62,1.4474556642,1.4566453099,0.7378516576,1.1187685401,10442870475.27,1408111263.47,0.5299391296530513,0.7187936523
the-sandbox,SAND,The Sandbox,05/31/2022,62,1.9659352129,2.4493735432,0.9708135253,1.447533324,16524059129.5,1784323343.75,0.32242167577146136,1.4785600179
the-sandbox,SAND,The Sandbox,04/30/2022,62,3.3835506849,3.6670788928,1.8654594191,1.9644707207,12995389814.67,2277379276.96,0.05495683358520751,1.8016194737000002
the-sandbox,SAND,The Sandbox,03/31/2022,62,3.2062330538,3.8288978322,2.676762194,3.3809741851,23289982088.61,3885682468.94,0.6112231648351765,1.1521356381999999
the-sandbox,SAND,The Sandbox,02/28/2022,62,4.0993902873,4.8491518519,2.6446680676,3.2055051746,28806788419.15,3606016288.47,0.2544074540235663,2.2044837843000002
the-sandbox,SAND,The Sandbox,01/31/2022,62,5.8493447808,6.0124519184,2.634690671,4.1017481259,28583791166.07,3794340090.98,0.4343283457435762,3.3777612474
the-sandbox,SAND,The Sandbox,12/31/2021,62,6.7942514404,7.0333677132,4.1862512787,5.8477099082,49231577781.33,5376959431.89,0.5835583713287016,2.8471164344999993
the-sandbox,SAND,The Sandbox,11/30/2021,62,1.5731052735,8.4420612999,1.5385724479,6.7725078146,99483764784.98,6184966479.12,0.7581580095090157,6.903488852000001
the-sandbox,SAND,The Sandbox,10/31/2021,62,0.6715255456,2.4099722651,0.6592177126,1.5907418808,14305545321.86,1419333269.8,0.5320701104959714,1.7507545525000001
the-sandbox,SAND,The Sandbox,09/30/2021,62,0.94590799,1.12974094,0.5833168117,0.6718165326,8266363203.58,599425694.07,0.16196159048710865,0.5464241283
the-sandbox,SAND,The Sandbox,08/31/2021,62,0.6392673,1.19690488,0.55649371,0.95503388,14278735651.03,845625140.59,0.6223192047071884,0.6404111699999999
the-sandbox,SAND,The Sandbox,07/31/2021,62,0.24493978,0.84415485,0.22171451,0.63960256,14848173823.31,449635689.08,0.6713704481300168,0.62244034
the-sandbox,SAND,The Sandbox,06/30/2021,62,0.33417264,0.36919255,0.14709817,0.24525806,941571032.02,173640821.29,0.44197376808904393,0.22209438
the-sandbox,SAND,The Sandbox,05/31/2021,62,0.6203001,0.72113986,0.18293916,0.33462975,2883323153.01,234872741.49,0.28184762673106895,0.5382007
the-sandbox,SAND,The Sandbox,04/30/2021,62,0.83054154,0.83340736,0.33668822,0.62109451,3378787916.92,426581216.16,0.5725696215370321,0.49671914000000006
the-sandbox,SAND,The Sandbox,03/31/2021,62,0.21882175,0.93274015,0.21731602,0.8292522,9063481645.05,569548448.38,0.8553474146867259,0.7154241299999999
the-sandbox,SAND,The Sandbox,02/28/2021,62,0.08276534,0.36449302,0.07778616,0.21786654,3978328275.63,145590680.4,0.4885839843525195,0.28670686
the-sandbox,SAND,The Sandbox,01/31/2021,62,0.03568413,0.14763105,0.03461179,0.08265735,2218806422.58,54312044.27,0.4251094901877786,0.11301926000000001
the-sandbox,SAND,The Sandbox,12/31/2020,62,0.04818592,0.05588408,0.03450544,0.03565314,290455676.51,22168113.09,0.05368442520197736,0.021378640000000004
the-sandbox,SAND,The Sandbox,11/30/2020,62,0.0355888,0.06135537,0.02893886,0.04818378,330252260.68,29947604.91,0.5936764938606903,0.032416509999999996
the-sandbox,SAND,The Sandbox,10/31/2020,62,0.04598842,0.05436699,0.033197,0.0355888,204244247.85,21598612.63,0.11298068633948337,0.02116999
the-sandbox,SAND,The Sandbox,09/30/2020,62,0.06492088,0.06969452,0.03383283,0.0460051,412182978.33,27151052.42,0.33942265409131583,0.035861689999999995
the-sandbox,SAND,The Sandbox,08/31/2020,62,0.07256135,0.08671244,0.00061169,0.06491408,470042611.41,34174616.84,0.7468272924451878,0.08610075
illuvium,ILV,Illuvium,11/30/2023,124,48.8656491223,122.28371373,47.5867739526,107.7409630009,1552071062.42,405900857.95,0.805309952824868,74.6969397774
illuvium,ILV,Illuvium,10/31/2023,124,39.9520310433,51.3281947542,38.043459843,48.8713976939,226467682.19,178948161.52,0.8150661585103411,13.284734911199997
illuvium,ILV,Illuvium,09/30/2023,124,42.7056876547,42.8726032127,38.5463269174,39.9571081068,135117731.12,143822306.15,0.3260959525244954,4.326276295299998
illuvium,ILV,Illuvium,08/31/2023,124,40.7063401642,54.3295571526,39.7207544006,42.7123674182,284766671.03,151419563.3,0.20478153264068397,14.608802752000003
illuvium,ILV,Illuvium,07/31/2023,124,45.8294262319,47.4030338671,38.8130375439,40.7050554411,174623887.75,142006800.89,0.22025828952801843,8.589996323199998
illuvium,ILV,Illuvium,06/30/2023,124,52.4998162622,56.8294391698,41.8145675675,45.8297347718,207413730.14,150946893.79,0.26741268994168094,15.014871602299998
illuvium,ILV,Illuvium,05/31/2023,124,51.6459914593,53.6959419352,43.7533572835,52.4998237814,187684721.25,165674671.55,0.8796974634160666,9.942584651699995
illuvium,ILV,Illuvium,04/30/2023,124,59.7940562512,66.4306269859,49.9529316982,51.6427834494,357311449.17,137647559.96,0.10255389007353563,16.47769528770001
illuvium,ILV,Illuvium,03/31/2023,124,75.8508042249,88.2975249144,55.1680419942,59.7979981439,732536699.55,148362104.38,0.13975334782170665,33.1294829202
illuvium,ILV,Illuvium,02/28/2023,124,68.0899768194,106.4399604943,66.5492272074,75.8409399117,1012369535.87,172130985.49,0.23292910254300545,39.8907332869
illuvium,ILV,Illuvium,01/31/2023,124,38.3598241884,73.5245375286,38.1218551541,68.0972984876,352689561.15,140103935.08,0.8466997787458851,35.40268237450001
illuvium,ILV,Illuvium,12/31/2022,124,42.2510695099,55.7949210682,38.2414948288,38.3706875875,287066119.65,75040746.14,0.007359973884187772,17.553426239399997
illuvium,ILV,Illuvium,11/30/2022,124,66.3717846797,67.3069062736,37.8748668078,42.199464509,226383142.56,72449976.05,0.1469350333749444,29.43203946580001
illuvium,ILV,Illuvium,10/31/2022,124,56.7743957873,80.7689816766,50.6238407239,66.3763574444,420448883.61,100216774.25,0.5225557493732367,30.145140952700004
illuvium,ILV,Illuvium,09/30/2022,124,77.6750991592,81.7816104821,52.7454283143,56.7724867048,328488650.72,36951004.19,0.13869104303133395,29.036182167800007
illuvium,ILV,Illuvium,08/31/2022,124,117.1772159053,124.1432879225,73.8216919623,77.6817582873,393176044.74,50560036.07,0.07670794718142449,50.3215959602
illuvium,ILV,Illuvium,07/31/2022,124,140.8520894101,148.816060268,88.3380758335,117.1643102301,585813957.42,76257693.98,0.4766401305556062,60.4779844345
illuvium,ILV,Illuvium,06/30/2022,124,299.1339268319,312.3285170849,133.336652855,140.7553787044,425634626.65,91612203.18,0.04144727963652721,178.9918642299
illuvium,ILV,Illuvium,05/31/2022,124,453.6323049285,504.656247669,253.9666896527,299.3246175238,669816486.12,194818755.28,0.18093265722759294,250.68955801629997
illuvium,ILV,Illuvium,04/30/2022,124,615.936389762,672.0762434322,450.99101682,453.6398108784,601384861.44,295256514.59,0.011980873163660791,221.08522661220002
illuvium,ILV,Illuvium,03/31/2022,124,583.6908232226,665.5881395573,476.0260826705,615.9918533986,647157012.74,400878947.14,0.7383638531189964,189.5620568868
illuvium,ILV,Illuvium,02/28/2022,124,607.9361100202,734.8181319769,468.9872570744,583.7143193762,775017357.14,375265247.67,0.4315791472449504,265.83087490249994
illuvium,ILV,Illuvium,01/31/2022,124,1017.600283866,1052.8818411584,498.4110582068,607.9571508996,943118927.58,390850769.34,0.19756873772438674,554.4707829516
illuvium,ILV,Illuvium,12/31/2021,124,1846.8752296921,1924.7340710248,991.0693033562,1017.4087806961,1766132808.41,654083933.52,0.028210850673599772,933.6647676686
illuvium,ILV,Illuvium,11/30/2021,124,996.3703826505,1923.5291729962,959.7730128521,1844.2292958669,2699319171.06,1185505739.13,0.9177179037512526,963.7561601441
illuvium,ILV,Illuvium,10/31/2021,124,499.1507345352,1047.7442269323,496.5428657486,997.5796891236,1526768483.76,640993889.76,0.9089905407690355,551.2013611837001
illuvium,ILV,Illuvium,09/30/2021,124,491.30178131,687.0728788585,413.6708043821,498.4675173136,1736449958.95,316494003.67,0.31015387536432043,273.40207447639995
illuvium,ILV,Illuvium,08/31/2021,124,243.67367499,563.42653373,231.44172749,490.75151026,740708572.67,311545772.84,0.7810893085948595,331.98480623999995
illuvium,ILV,Illuvium,07/31/2021,124,70.77912282,244.08860358,60.160856,243.71089911,212576227.92,154701843.89,0.9979464519357759,183.92774758000002
illuvium,ILV,Illuvium,06/30/2021,124,60.41217773,71.52839181,29.76899135,70.87312286,25231521.65,46168896.73,0.9843084684458613,41.75940046
illuvium,ILV,Illuvium,05/31/2021,124,61.03031936,2868.94660798,39.58370294,60.41629458,34082490.47,39406050.74,0.007362997374034448,2829.36290504
illuvium,ILV,Illuvium,04/30/2021,124,47.31287707,126.47488677,45.75028509,61.0287464,94005760.13,35748936.83,0.18926648124651363,80.72460168
illuvium,ILV,Illuvium,03/31/2021,124,68.18013776,75.77121078,46.14249744,47.41905385,12531099.91,4613674.62,0.04308511123487071,29.628713340000004
